# Testing de Klondike Draw 1: 500 partidas, 399 victorias (79.80%), 101 stalled, 0 timeouts y 8.17 s de duración media. La revisión ejecutada no está registrada en el CSV; al guardar este resultado, el código del worktree coincide con 0d47522 (P1 + P2a/P2c + P3 + P4), sin P6.

configuration
game,search,simulations,parallel_games,auto_parallel,undos,timeout_s,max_depth
"Klondike Draw 1","IDA*",500,8,false,-1,0.00,150

summary
games,active_timeout,win_rate,avg_moves,avg_undos,avg_checkpoints,avg_duration,wins,stalled,timeouts
500,00:00,79.80%,115.89,0.48,1.24,8.17s,399,101,0

details
game_id,moves,undos,checkpoints,result,stop_reason,duration_sec,score
1,106,0,0,won,win,6.711,750
2,118,3,3,lost,stalled,11.202,490
3,114,0,0,won,win,3.576,740
4,118,1,1,won,win,7.758,785
5,123,0,2,won,win,9.026,765
6,124,1,1,won,win,8.731,800
7,100,2,3,lost,stalled,11.005,470
8,144,0,2,won,win,9.505,820
9,72,1,1,lost,stalled,7.510,290
10,141,4,3,won,win,9.963,755
11,119,0,0,won,win,2.557,755
12,126,0,1,won,win,7.621,725
13,117,1,2,won,win,11.152,750
14,113,1,1,won,win,8.089,735
15,110,0,0,won,win,1.031,750
16,133,1,1,won,win,8.272,795
17,110,0,1,won,win,7.358,720
18,120,0,1,won,win,8.406,780
19,123,2,1,won,win,8.377,790
20,140,0,3,won,win,8.648,805
21,117,0,0,won,win,1.150,755
22,164,1,1,won,win,7.768,830
23,93,0,0,won,win,0.107,710
24,125,1,1,won,win,8.018,785
25,110,0,1,won,win,7.362,795
26,120,0,1,won,win,8.196,755
27,113,0,0,won,win,3.854,740
28,113,0,0,won,win,0.573,745
29,153,1,1,won,win,7.398,820
30,118,0,1,won,win,7.826,765
31,88,0,1,lost,stalled,9.647,240
32,44,2,1,lost,stalled,10.330,90
33,116,0,1,won,win,7.767,770
34,84,0,2,lost,stalled,8.637,360
35,126,0,1,won,win,8.115,800
36,80,0,2,lost,stalled,9.732,425
37,138,1,2,won,win,9.307,840
38,104,0,0,won,win,1.290,765
39,117,0,1,won,win,7.730,745
40,124,0,1,won,win,9.217,810
41,114,0,1,won,win,7.224,725
42,138,0,2,won,win,8.637,775
43,127,0,0,won,win,3.295,795
44,140,1,1,won,win,7.416,795
45,112,0,1,won,win,8.050,760
46,120,0,1,won,win,7.722,750
47,114,0,1,won,win,9.622,745
48,144,1,2,won,win,9.009,860
49,123,0,1,won,win,8.274,805
50,131,0,2,won,win,9.685,770
51,120,0,1,won,win,8.302,740
52,126,0,2,won,win,9.788,835
53,92,0,2,lost,stalled,9.838,355
54,114,0,1,won,win,9.051,740
55,124,0,1,won,win,7.963,790
56,93,0,2,lost,stalled,9.928,290
57,110,0,1,won,win,8.105,730
58,105,3,3,lost,stalled,12.895,330
59,134,0,1,won,win,10.591,790
60,119,0,1,won,win,7.381,750
61,122,1,1,won,win,10.152,760
62,110,0,1,won,win,7.667,765
63,132,0,3,won,win,9.616,805
64,114,0,1,won,win,7.605,735
65,118,0,1,won,win,8.144,765
66,120,0,1,won,win,7.971,765
67,110,0,1,won,win,8.331,730
68,115,0,1,won,win,8.794,770
69,132,0,1,won,win,8.116,805
70,112,0,1,won,win,7.312,745
71,136,1,1,won,win,7.863,815
72,94,2,2,lost,stalled,10.416,225
73,121,2,1,won,win,7.355,765
74,116,0,1,won,win,8.057,760
75,116,0,0,won,win,5.669,735
76,103,2,3,lost,stalled,11.532,385
77,117,0,0,won,win,2.150,760
78,146,2,1,won,win,7.507,820
79,116,0,1,won,win,7.662,765
80,129,1,2,won,win,9.798,805
81,128,0,1,won,win,9.284,785
82,116,0,0,won,win,2.924,755
83,93,0,2,lost,stalled,10.014,375
84,118,0,1,won,win,7.690,775
85,137,1,1,won,win,8.524,840
86,103,0,0,won,win,0.240,760
87,119,0,1,won,win,8.072,770
88,103,0,1,won,win,7.794,760
89,109,0,1,won,win,8.479,790
90,123,0,1,won,win,8.433,790
91,19,0,0,lost,stalled,0.732,25
92,136,0,2,won,win,10.075,805
93,136,2,2,won,win,8.774,780
94,113,0,1,won,win,8.599,745
95,93,0,2,lost,stalled,10.808,355
96,110,0,1,won,win,7.519,755
97,133,1,1,won,win,8.133,765
98,161,1,4,won,win,13.230,845
99,84,0,1,lost,stalled,8.176,310
100,121,0,1,won,win,7.999,785
101,103,0,3,lost,stalled,9.019,495
102,130,0,1,won,win,7.644,795
103,112,0,1,won,win,7.595,755
104,61,2,2,lost,stalled,10.678,190
105,124,0,1,won,win,8.231,760
106,109,0,0,won,win,4.909,790
107,132,1,1,won,win,7.706,820
108,118,0,1,won,win,7.429,800
109,117,1,1,won,win,8.178,780
110,133,2,2,won,win,9.466,815
111,141,3,2,won,win,9.486,805
112,84,2,2,lost,stalled,9.911,300
113,121,0,2,won,win,10.629,765
114,109,1,0,won,win,1.695,725
115,123,0,1,won,win,8.409,800
116,132,0,1,won,win,8.782,815
117,152,0,2,won,win,9.641,850
118,125,0,2,won,win,9.200,820
119,129,0,1,won,win,7.702,805
120,126,0,1,won,win,7.653,775
121,114,1,1,won,win,8.480,800
122,96,1,2,lost,stalled,9.052,325
123,116,1,2,won,win,8.394,730
124,128,1,1,won,win,8.691,825
125,130,1,2,won,win,8.469,790
126,103,0,0,won,win,1.472,760
127,74,0,2,lost,stalled,10.064,360
128,146,2,3,won,win,10.260,840
129,116,0,0,won,win,3.652,780
130,124,1,1,won,win,9.187,795
131,104,1,0,won,win,6.446,710
132,111,1,1,won,win,7.621,745
133,120,0,0,won,win,4.724,760
134,88,0,1,lost,stalled,8.777,280
135,134,1,2,won,win,8.046,775
136,134,2,2,won,win,9.047,820
137,108,0,1,won,win,7.398,715
138,148,3,2,won,win,8.782,795
139,136,0,0,won,win,7.374,750
140,105,4,2,lost,stalled,8.620,480
141,112,1,1,won,win,7.572,740
142,118,0,1,won,win,9.140,780
143,118,0,1,won,win,8.205,760
144,120,0,0,won,win,7.369,780
145,106,0,0,won,win,0.889,775
146,78,2,1,lost,stalled,8.708,240
147,121,2,0,won,win,5.006,750
148,91,1,2,lost,stalled,11.221,310
149,123,0,1,won,win,7.340,765
150,87,0,3,lost,stalled,11.253,405
151,118,0,1,won,win,7.794,770
152,94,1,2,lost,stalled,9.430,410
153,127,0,1,won,win,8.936,775
154,124,0,1,won,win,7.802,805
155,115,1,1,won,win,7.656,725
156,96,0,0,won,win,7.160,725
157,113,0,1,won,win,8.693,810
158,116,3,3,lost,stalled,9.823,420
159,96,0,0,won,win,0.397,725
160,160,0,2,won,win,10.213,860
161,127,0,1,won,win,10.401,810
162,60,0,1,lost,stalled,9.250,145
163,78,2,2,lost,stalled,9.601,285
164,116,0,1,won,win,7.632,770
165,134,0,1,won,win,8.009,795
166,114,0,0,won,win,3.093,750
167,111,0,1,won,win,8.280,745
168,117,1,4,lost,stalled,12.883,595
169,129,0,1,won,win,7.914,805
170,122,0,1,won,win,9.349,735
171,143,0,1,won,win,7.339,820
172,112,0,0,won,win,5.241,805
173,125,1,1,won,win,7.364,780
174,38,1,1,lost,stalled,9.022,80
175,109,0,1,won,win,7.960,790
176,123,0,1,won,win,8.517,750
177,130,0,1,won,win,8.325,830
178,126,0,0,won,win,2.405,720
179,74,1,1,lost,stalled,8.513,215
180,123,0,1,won,win,7.904,790
181,113,0,1,won,win,7.804,745
182,114,2,1,won,win,7.455,785
183,104,0,0,won,win,4.319,765
184,123,0,0,won,win,7.188,785
185,130,0,1,won,win,8.748,800
186,140,0,1,won,win,8.475,750
187,112,0,0,won,win,0.831,755
188,110,0,0,won,win,1.214,730
189,132,0,1,won,win,7.515,750
190,101,1,3,lost,stalled,13.789,295
191,118,0,2,won,win,8.515,770
192,122,0,1,won,win,8.596,785
193,131,0,1,won,win,7.981,800
194,121,3,1,won,win,8.116,755
195,122,1,1,won,win,7.381,805
196,121,0,1,won,win,8.645,795
197,117,0,1,won,win,7.910,775
198,141,0,1,won,win,9.959,815
199,120,0,1,won,win,8.743,785
200,131,0,2,won,win,8.936,830
201,70,0,1,lost,stalled,8.703,180
202,134,0,1,won,win,8.558,765
203,109,0,1,won,win,7.880,790
204,77,0,1,lost,stalled,8.825,145
205,144,3,1,won,win,8.065,810
206,117,1,0,won,win,5.612,760
207,126,0,2,won,win,9.446,750
208,75,0,1,lost,stalled,9.650,270
209,112,0,0,won,win,4.081,750
210,125,0,1,won,win,7.844,780
211,114,0,1,won,win,8.010,755
212,103,0,2,lost,stalled,10.913,450
213,125,0,2,won,win,9.080,805
214,115,0,1,won,win,8.629,770
215,101,0,1,lost,stalled,8.833,245
216,41,0,1,lost,stalled,10.807,145
217,117,0,1,won,win,7.895,765
218,103,0,0,won,win,3.607,760
219,122,0,0,won,win,2.917,785
220,86,1,1,lost,stalled,7.521,230
221,81,0,1,lost,stalled,9.642,255
222,125,1,1,won,win,8.227,735
223,138,1,0,won,win,8.108,775
224,141,2,2,won,win,8.376,800
225,75,0,1,lost,stalled,10.604,185
226,115,1,1,won,win,8.554,735
227,119,0,0,won,win,4.478,765
228,116,0,1,won,win,8.497,780
229,81,0,3,lost,stalled,10.849,335
230,127,0,1,won,win,7.347,750
231,101,1,2,lost,stalled,10.594,415
232,116,0,1,won,win,7.825,750
233,147,1,1,won,win,11.104,830
234,125,0,1,won,win,9.870,800
235,119,0,1,won,win,10.037,785
236,105,0,0,won,win,0.418,770
237,134,2,1,won,win,9.936,805
238,129,0,2,won,win,8.972,815
239,119,0,1,won,win,8.924,750
240,162,2,2,won,win,10.167,815
241,119,0,0,won,win,4.467,795
242,130,0,1,won,win,8.054,765
243,116,0,1,won,win,8.746,770
244,120,0,1,won,win,8.886,815
245,115,0,1,won,win,8.080,750
246,126,0,1,won,win,8.854,770
247,109,0,0,won,win,5.878,705
248,134,1,3,won,win,10.083,805
249,146,0,1,won,win,9.513,765
250,161,3,2,won,win,8.801,800
251,118,2,0,won,win,1.065,805
252,125,1,1,won,win,8.528,815
253,135,1,2,won,win,9.666,795
254,133,0,2,won,win,8.217,805
255,115,0,1,won,win,9.008,760
256,82,0,2,lost,stalled,12.666,425
257,85,0,2,lost,stalled,12.173,280
258,161,2,4,won,win,10.366,905
259,117,0,2,won,win,9.547,790
260,111,1,1,won,win,8.175,785
261,98,0,2,lost,stalled,10.081,425
262,122,0,1,won,win,9.253,805
263,135,1,2,won,win,9.125,825
264,130,1,1,won,win,7.724,820
265,123,0,2,won,win,14.434,770
266,122,0,1,won,win,11.948,760
267,112,0,0,won,win,3.081,730
268,83,0,2,lost,stalled,13.885,405
269,108,0,1,won,win,12.026,720
270,113,0,1,won,win,11.930,730
271,134,0,2,won,win,13.587,790
272,141,1,2,won,win,13.426,835
273,102,0,2,lost,stalled,8.784,450
274,134,4,2,won,win,9.437,770
275,113,0,1,won,win,7.951,765
276,149,2,4,won,win,12.200,845
277,131,0,2,won,win,8.771,775
278,86,0,1,lost,stalled,9.976,290
279,92,0,2,lost,stalled,10.168,475
280,130,0,1,won,win,8.772,815
281,138,0,1,won,win,9.523,830
282,130,1,1,won,win,8.302,735
283,130,5,2,won,win,9.641,800
284,109,0,1,won,win,8.317,740
285,134,0,2,won,win,10.828,800
286,96,0,3,lost,stalled,10.825,390
287,111,0,0,won,win,0.975,725
288,116,2,1,won,win,8.204,750
289,126,0,1,won,win,8.198,750
290,147,5,2,won,win,10.010,800
291,115,0,1,won,win,8.487,745
292,147,2,2,won,win,9.922,820
293,133,1,1,won,win,8.365,765
294,140,1,1,won,win,9.311,850
295,132,0,1,won,win,8.040,830
296,105,1,2,lost,stalled,9.984,415
297,134,0,1,won,win,7.675,765
298,62,0,1,lost,stalled,10.591,130
299,103,1,1,won,win,7.767,745
300,127,0,0,won,win,4.273,785
301,123,0,1,won,win,8.528,825
302,130,0,2,won,win,10.454,780
303,125,1,1,won,win,7.656,780
304,114,0,0,won,win,0.452,750
305,118,0,1,won,win,10.604,770
306,58,0,1,lost,stalled,10.702,160
307,119,0,2,won,win,10.033,780
308,125,1,1,won,win,9.829,780
309,122,0,2,won,win,11.640,810
310,121,1,2,won,win,11.294,775
311,131,0,0,won,win,6.765,755
312,92,1,3,lost,stalled,14.289,435
313,124,0,1,won,win,7.680,800
314,123,2,1,won,win,7.899,760
315,105,0,4,lost,stalled,12.060,425
316,82,1,1,lost,stalled,8.491,275
317,121,0,1,won,win,7.834,760
318,132,1,0,won,win,0.068,800
319,131,0,2,won,win,11.791,830
320,124,0,1,won,win,8.224,785
321,120,0,1,won,win,7.661,800
322,132,1,2,won,win,8.554,830
323,132,1,2,won,win,9.944,815
324,105,2,2,lost,stalled,9.787,370
325,118,0,0,won,win,4.870,745
326,132,0,1,won,win,7.914,760
327,20,1,0,lost,stalled,0.506,10
328,135,2,2,won,win,8.552,755
329,151,0,3,won,win,10.452,850
330,130,2,1,won,win,9.761,805
331,116,0,1,won,win,7.846,735
332,133,0,1,won,win,8.616,775
333,104,0,1,won,win,8.317,765
334,136,1,2,won,win,9.197,855
335,66,0,1,lost,stalled,7.829,265
336,124,0,1,won,win,7.757,755
337,115,0,0,won,win,8.524,820
338,114,0,1,won,win,8.471,760
339,136,1,1,won,win,8.549,815
340,105,0,1,won,win,7.980,725
341,137,1,1,won,win,8.625,800
342,140,0,3,won,win,9.762,850
343,111,1,3,lost,stalled,9.285,475
344,92,0,1,lost,stalled,8.654,455
345,122,2,1,won,win,10.449,755
346,115,0,1,won,win,8.056,780
347,126,0,1,won,win,8.352,740
348,124,0,2,won,win,9.560,780
349,116,0,1,won,win,7.777,745
350,98,0,3,lost,stalled,10.310,370
351,134,1,2,won,win,10.312,800
352,131,0,1,won,win,8.561,780
353,117,0,1,won,win,7.633,770
354,110,0,0,won,win,0.699,745
355,136,0,1,won,win,8.126,775
356,116,0,1,won,win,7.914,750
357,131,0,1,won,win,8.236,825
358,90,0,3,lost,stalled,12.163,370
359,42,1,0,lost,stalled,0.519,90
360,109,2,1,lost,stalled,8.971,210
361,131,0,0,won,win,3.913,780
362,107,1,2,lost,stalled,9.359,335
363,140,0,2,won,win,9.601,785
364,128,1,2,won,win,9.084,785
365,127,0,1,won,win,7.327,790
366,121,0,1,won,win,7.730,730
367,126,0,1,won,win,8.505,810
368,84,3,2,lost,stalled,11.328,270
369,116,0,1,won,win,8.028,790
370,119,0,1,won,win,8.365,750
371,121,2,1,won,win,8.019,755
372,115,0,1,won,win,8.107,790
373,88,2,2,lost,stalled,11.585,285
374,91,0,2,lost,stalled,10.058,385
375,136,0,4,won,win,10.350,855
376,112,0,1,won,win,7.782,750
377,121,0,1,won,win,8.968,785
378,121,0,1,won,win,7.739,785
379,109,0,1,won,win,7.888,755
380,123,0,1,won,win,8.615,780
381,86,1,2,lost,stalled,11.175,235
382,124,0,1,won,win,8.656,810
383,150,1,4,won,win,11.436,855
384,112,0,1,won,win,8.418,785
385,114,0,1,won,win,8.186,775
386,124,0,1,won,win,7.671,750
387,92,0,3,lost,stalled,9.915,425
388,99,2,3,lost,stalled,12.680,365
389,142,0,2,won,win,9.171,835
390,110,0,1,won,win,8.773,795
391,122,0,0,won,win,4.232,780
392,129,0,1,won,win,8.266,795
393,103,0,1,won,win,7.029,715
394,139,0,2,won,win,9.010,790
395,115,0,1,won,win,8.879,750
396,91,0,3,lost,stalled,10.881,440
397,117,0,1,won,win,7.559,780
398,38,1,0,lost,stalled,8.218,80
399,110,0,4,lost,stalled,10.873,510
400,128,1,1,won,win,9.095,740
401,79,0,2,lost,stalled,9.768,415
402,138,0,2,won,win,8.831,830
403,122,0,1,won,win,7.404,770
404,122,0,1,won,win,7.334,770
405,109,0,0,won,win,1.051,755
406,120,0,1,won,win,6.925,770
407,112,0,2,lost,stalled,9.434,495
408,47,0,1,lost,stalled,7.750,120
409,105,4,3,lost,stalled,10.639,345
410,116,0,1,won,win,7.774,780
411,80,0,2,lost,stalled,9.475,495
412,47,0,1,lost,stalled,17.728,90
413,128,2,2,won,win,9.014,820
414,152,0,2,won,win,8.786,780
415,131,1,1,won,win,9.160,835
416,120,0,1,won,win,9.562,770
417,123,1,1,won,win,8.339,820
418,130,0,1,won,win,8.288,760
419,89,1,2,lost,stalled,9.903,415
420,120,0,1,won,win,8.413,770
421,115,0,0,won,win,3.915,735
422,129,0,1,won,win,8.682,795
423,99,1,2,lost,stalled,8.821,495
424,119,0,1,won,win,8.421,765
425,101,0,2,lost,stalled,9.809,340
426,121,0,1,won,win,7.678,755
427,110,0,1,lost,stalled,8.260,410
428,109,0,1,won,win,9.002,745
429,118,0,1,won,win,8.884,835
430,120,0,0,won,win,3.889,790
431,170,6,4,won,win,11.149,860
432,126,0,1,won,win,8.413,795
433,76,0,1,lost,stalled,8.398,310
434,126,0,1,won,win,8.174,790
435,87,2,1,lost,stalled,8.586,215
436,120,0,1,won,win,8.507,785
437,111,0,1,won,win,7.611,755
438,148,1,2,won,win,9.126,830
439,120,0,1,won,win,7.493,780
440,113,0,1,won,win,7.664,760
441,122,0,1,won,win,7.301,765
442,113,1,4,lost,stalled,10.357,595
443,93,1,2,lost,stalled,9.470,350
444,125,0,1,won,win,7.992,790
445,72,0,2,lost,stalled,11.020,330
446,163,3,2,won,win,9.634,835
447,117,1,1,won,win,7.736,740
448,129,0,1,won,win,7.690,760
449,132,0,2,won,win,9.673,840
450,43,0,1,lost,stalled,10.880,220
451,71,0,2,lost,stalled,12.331,220
452,111,0,1,won,win,8.722,800
453,115,0,1,won,win,7.201,735
454,87,0,2,lost,stalled,9.225,390
455,91,0,1,lost,stalled,8.432,330
456,18,0,0,lost,stalled,0.049,40
457,108,0,1,won,win,7.729,730
458,113,0,0,won,win,6.259,735
459,130,1,1,won,win,8.187,795
460,154,1,3,won,win,11.561,835
461,134,0,0,won,win,7.074,770
462,121,0,1,won,win,8.423,785
463,119,0,0,won,win,4.855,770
464,127,0,2,won,win,8.582,785
465,126,0,1,won,win,8.665,775
466,121,0,1,won,win,8.968,750
467,113,0,1,won,win,7.542,810
468,123,1,1,won,win,9.075,780
469,109,0,0,won,win,0.873,745
470,159,1,2,won,win,8.259,820
471,90,3,3,lost,stalled,10.792,330
472,109,0,1,won,win,8.014,700
473,117,0,1,won,win,8.659,790
474,108,0,0,won,win,0.495,725
475,145,0,2,won,win,9.804,765
476,125,0,1,won,win,7.708,745
477,148,0,2,won,win,7.959,790
478,138,1,2,won,win,8.954,820
479,113,0,0,won,win,3.142,745
480,131,1,1,won,win,10.253,770
481,109,0,0,won,win,1.461,740
482,129,0,1,won,win,8.186,770
483,133,0,1,won,win,7.718,780
484,122,0,1,won,win,8.613,740
485,125,3,2,won,win,8.076,785
486,111,3,3,lost,stalled,8.674,400
487,101,0,0,won,win,6.450,750
488,131,1,0,won,win,1.270,800
489,121,2,1,won,win,8.482,740
490,122,1,1,won,win,8.772,780
491,121,0,0,won,win,2.412,755
492,132,0,1,won,win,7.831,780
493,109,1,0,won,win,1.984,775
494,114,0,1,won,win,8.573,730
495,123,0,1,won,win,8.093,805
496,123,0,0,won,win,4.587,790
497,123,0,1,won,win,7.361,760
498,45,0,1,lost,stalled,10.073,190
499,124,0,1,won,win,7.216,785
500,115,0,1,won,win,7.097,745
